id,city_id:id,name,code
township_SITTWE_PONNAGYUN,city_RAKHINE_SITTWE,Ponnagyun,PONNAGYUN
township_SITTWE_PAUKTAW,city_RAKHINE_SITTWE,Pauktaw,PAUKTAW
township_SITTWE_SITTWE,city_RAKHINE_SITTWE,Sittwe,SITTWE
township_SITTWE_YATHEDAUNG,city_RAKHINE_SITTWE,Yathedaung,YATHEDAUNG
township_MYINGYAN_TAUNGTHA,city_MANDALAY_MYINGYAN,Taungtha,TAUNGTHA
township_MYINGYAN_NGAZUN,city_MANDALAY_MYINGYAN,Ngazun,NGAZUN
township_MYINGYAN_KYAUKPADAUNG,city_MANDALAY_MYINGYAN,Kyaukpadaung,KYAUKPADAUNG
township_MYINGYAN_MYINGYAN,city_MANDALAY_MYINGYAN,Myingyan,MYINGYAN
township_MYINGYAN_NATOGYI,city_MANDALAY_MYINGYAN,Natogyi,NATOGYI
township_HINTHADA_INGAPU,city_AYEYAWADY_HINTHADA,Ingapu,INGAPU
township_HINTHADA_KYANGIN,city_AYEYAWADY_HINTHADA,Kyangin,KYANGIN
township_HINTHADA_HINTHADA,city_AYEYAWADY_HINTHADA,Hinthada,HINTHADA
township_HINTHADA_MYANAUNG,city_AYEYAWADY_HINTHADA,Myanaung,MYANAUNG
township_HINTHADA_LAYMYETHNA,city_AYEYAWADY_HINTHADA,Laymyethna,LAYMYETHNA
township_HINTHADA_ZALUN,city_AYEYAWADY_HINTHADA,Zalun,ZALUN
township_KATHA_WUNTHO,city_SAGAING_KATHA,Wuntho,WUNTHO
township_KATHA_PINLEBU,city_SAGAING_KATHA,Pinlebu,PINLEBU
township_KATHA_MINGIN,city_SAGAING_KATHA,Mingin,MINGIN
township_KATHA_KAWLIN,city_SAGAING_KATHA,Kawlin,KAWLIN
township_KATHA_KALAY,city_SAGAING_KATHA,Kalay,KALAY
township_KATHA_BANMAUK,city_SAGAING_KATHA,Banmauk,BANMAUK
township_KATHA_INDAW,city_SAGAING_KATHA,Indaw,INDAW
township_KATHA_KATHA,city_SAGAING_KATHA,Katha,KATHA
township_KATHA_TIGYAING,city_SAGAING_KATHA,Tigyaing,TIGYAING
township_KATHA_KALEWA,city_SAGAING_KATHA,Kalewa,KALEWA
township_KYAUKSE_TADA U,city_MANDALAY_KYAUKSE,Tada U,TADA U
township_KYAUKSE_MYITTHAR,city_MANDALAY_KYAUKSE,Myitthar,MYITTHAR
township_KYAUKSE_SINGAING,city_MANDALAY_KYAUKSE,Singaing,SINGAING
township_KYAUKSE_KYAUKSE,city_MANDALAY_KYAUKSE,Kyaukse,KYAUKSE
township_MOHNYIN_HOPIN(SUB-TSP),city_KACHIN_MOHNYIN,Hopin(Sub-Tsp),HOPIN(SUB-TSP)
township_MOHNYIN_MOHNYIN,city_KACHIN_MOHNYIN,Mohnyin,MOHNYIN
township_MOHNYIN_KAMINE(SUB-TSP),city_KACHIN_MOHNYIN,Kamine(Sub-Tsp),KAMINE(SUB-TSP)
township_MOHNYIN_MOGAUNG,city_KACHIN_MOHNYIN,Mogaung,MOGAUNG
township_MOHNYIN_PHAKANT,city_KACHIN_MOHNYIN,Phakant,PHAKANT
township_BHAMO_MOMAUK,city_KACHIN_BHAMO,Momauk,MOMAUK
township_BHAMO_DOTPHONEYAN(SUB-TSP),city_KACHIN_BHAMO,Dotphoneyan(Sub-Tsp),DOTPHONEYAN(SUB-TSP)
township_BHAMO_LWE'GE'(SUB-TSP),city_KACHIN_BHAMO,Lwe'ge(Sub-Tsp),LWE'GE(SUB-TSP)
township_BHAMO_BHAMO,city_KACHIN_BHAMO,Bhamo,BHAMO
township_BHAMO_SHWEGU,city_KACHIN_BHAMO,Shwegu,SHWEGU
township_BHAMO_MANSI,city_KACHIN_BHAMO,Mansi,MANSI
township_BHAMO_MYOHLA(SUB-TSP),city_KACHIN_BHAMO,Myohla(Sub-Tsp),MYOHLA(SUB-TSP)
township_TACHILEIK_KENGLAT(SUB-TSP),city_SHAN_TACHILEIK,Kenglat(Sub-Tsp),KENGLAT(SUB-TSP)
township_TACHILEIK_TALAY(SUB-TSP),city_SHAN_TACHILEIK,Talay(Sub-Tsp),TALAY(SUB-TSP)
township_TACHILEIK_TACHILEIK,city_SHAN_TACHILEIK,Tachileik,TACHILEIK
township_KENGTUNG_KENGTUNG,city_SHAN_KENGTUNG,Kengtung,KENGTUNG
township_KENGTUNG_MINEKAT,city_SHAN_KENGTUNG,Minekat,MINEKAT
township_KENGTUNG_MINEPAUK(SUB-TSP),city_SHAN_KENGTUNG,MinePauk(Sub-Tsp),MINEPAUK(SUB-TSP)
township_KENGTUNG_MINELAR,city_SHAN_KENGTUNG,Minelar,MINELAR
township_KENGTUNG_MINEYAN,city_SHAN_KENGTUNG,Mineyan,MINEYAN
township_MINESAT_MINEPYIN,city_SHAN_MINESAT,Minepyin,MINEPYIN
township_MINESAT_MONEHTA(SUB-TSP),city_SHAN_MINESAT,Monehta(Sub-Tsp),MONEHTA(SUB-TSP)
township_MINESAT_TONTAR(SUB-TSP),city_SHAN_MINESAT,Tontar(Sub-Tsp),TONTAR(SUB-TSP)
township_MINESAT_MINETUNG,city_SHAN_MINESAT,Minetung,MINETUNG
township_MINESAT_PONPARKYIN(SUB-TSP),city_SHAN_MINESAT,Ponparkyin(Sub-Tsp),PONPARKYIN(SUB-TSP)
township_MINESAT_MINEKOKE(SUB-TSP),city_SHAN_MINESAT,Minekoke(Sub-Tsp),MINEKOKE(SUB-TSP)
township_MINESAT_MINESAT,city_SHAN_MINESAT,Minesat,MINESAT
township_MYAUK U_MYEBON,city_RAKHINE_MYAUK U,Myebon,MYEBON
township_MYAUK U_MINBYA,city_RAKHINE_MYAUK U,Minbya,MINBYA
township_MYAUK U_MYAUK U,city_RAKHINE_MYAUK U,Myauk U,MYAUK U
township_MYAUK U_KYAUKTAW,city_RAKHINE_MYAUK U,Kyauktaw,KYAUKTAW
township_MINDAT_KANPALET,city_CHIN_MINDAT,Kanpalet,KANPALET
township_MINDAT_PALETWA,city_CHIN_MINDAT,Paletwa,PALETWA
township_MINDAT_SAMI(SUB-TSP),city_CHIN_MINDAT,Sami(Sub-Tsp),SAMI(SUB-TSP)
township_MINDAT_REAZU(SUB-TSP),city_CHIN_MINDAT,Reazu(Sub-Tsp),REAZU(SUB-TSP)
township_MINDAT_MATUPI,city_CHIN_MINDAT,Matupi,MATUPI
township_MINDAT_MINDAT,city_CHIN_MINDAT,Mindat,MINDAT
township_LOIKAW_DIMAWSO,city_KAYAH_LOIKAW,Dimawso,DIMAWSO
township_LOIKAW_PHRUSO,city_KAYAH_LOIKAW,Phruso,PHRUSO
township_LOIKAW_SHARDAW,city_KAYAH_LOIKAW,Shardaw,SHARDAW
township_LOIKAW_LOIKAW,city_KAYAH_LOIKAW,Loikaw,LOIKAW
township_MINEPHYAT_MINEYAUNG,city_SHAN_MINEPHYAT,Mineyaung,MINEYAUNG
township_MINEPHYAT_MINEPHYAT,city_SHAN_MINEPHYAT,Minephyat,MINEPHYAT
township_MINEPHYAT_MINEYU(SUB-TSP),city_SHAN_MINEPHYAT,Mineyu(Sub-Tsp),MINEYU(SUB-TSP)
township_MAWLAMYINE_CHAUNGZON,city_MON_MAWLAMYINE,Chaungzon,CHAUNGZON
township_MAWLAMYINE_MUDON,city_MON_MAWLAMYINE,Mudon,MUDON
township_MAWLAMYINE_KHAWZAR(SUB-TSP),city_MON_MAWLAMYINE,Khawzar(Sub-Tsp),KHAWZAR(SUB-TSP)
township_MAWLAMYINE_THANBYUZAYAT,city_MON_MAWLAMYINE,Thanbyuzayat,THANBYUZAYAT
township_MAWLAMYINE_MAWLAMYINE,city_MON_MAWLAMYINE,Mawlamyine,MAWLAMYINE
township_MAWLAMYINE_LAMINE(SUB-TSP),city_MON_MAWLAMYINE,Lamine(Sub-Tsp),LAMINE(SUB-TSP)
township_MAWLAMYINE_YE,city_MON_MAWLAMYINE,Ye,YE
township_MAWLAMYINE_KYAIKEMARAW,city_MON_MAWLAMYINE,Kyaikemaraw,KYAIKEMARAW
township_PYIN OO LWIN_SINKU,city_MANDALAY_PYIN OO LWIN,Sinku,SINKU
township_PYIN OO LWIN_MADAYA,city_MANDALAY_PYIN OO LWIN,Madaya,MADAYA
township_PYIN OO LWIN_TAGAUNG(SUB-TSP),city_MANDALAY_PYIN OO LWIN,Tagaung(Sub-Tsp),TAGAUNG(SUB-TSP)
township_PYIN OO LWIN_MOGOK,city_MANDALAY_PYIN OO LWIN,Mogok,MOGOK
township_PYIN OO LWIN_THABEIKKYIN,city_MANDALAY_PYIN OO LWIN,Thabeikkyin,THABEIKKYIN
township_PYIN OO LWIN_PYIN OO LWIN,city_MANDALAY_PYIN OO LWIN,Pyin Oo Lwin,PYIN OO LWIN
township_PAKOKKU_SEIKPHYU,city_MAGWAY_PAKOKKU,Seikphyu,SEIKPHYU
township_PAKOKKU_MYAING,city_MAGWAY_PAKOKKU,Myaing,MYAING
township_PAKOKKU_PAUK,city_MAGWAY_PAKOKKU,Pauk,PAUK
township_PAKOKKU_PAKOKKU,city_MAGWAY_PAKOKKU,Pakokku,PAKOKKU
township_PAKOKKU_YESAGYO,city_MAGWAY_PAKOKKU,Yesagyo,YESAGYO
township_NORTH YANGON_INSEIN,city_YANGON_NORTH YANGON,Insein,INSEIN
township_NORTH YANGON_MINGALADON,city_YANGON_NORTH YANGON,Mingaladon,MINGALADON
township_NORTH YANGON_SHWEPYITHA,city_YANGON_NORTH YANGON,Shwepyitha,SHWEPYITHA
township_NORTH YANGON_HLEGU,city_YANGON_NORTH YANGON,Hlegu,HLEGU
township_NORTH YANGON_HTANTABIN,city_YANGON_NORTH YANGON,Htantabin,HTANTABIN
township_NORTH YANGON_TAIKKYI,city_YANGON_NORTH YANGON,Taikkyi,TAIKKYI
township_NORTH YANGON_HMAWBY,city_YANGON_NORTH YANGON,Hmawby,HMAWBY
township_NORTH YANGON_HLINETHAYA,city_YANGON_NORTH YANGON,Hlinethaya,HLINETHAYA
township_EAST YANGON_YANKIN,city_YANGON_EAST YANGON,Yankin,YANKIN
township_EAST YANGON_DAGON MYOTHIT(SEIKKAN),city_YANGON_EAST YANGON,Dagon Myothit(Seikkan),DAGON MYOTHIT(SEIKKAN)
township_EAST YANGON_PAZUNTAUNG,city_YANGON_EAST YANGON,Pazuntaung,PAZUNTAUNG
township_EAST YANGON_DAGON MYOTHIT(EAST),city_YANGON_EAST YANGON,Dagon Myothit(East),DAGON MYOTHIT(EAST)
township_EAST YANGON_DAGON MYOTHIT(SOUTH),city_YANGON_EAST YANGON,Dagon Myothit(South),DAGON MYOTHIT(SOUTH)
township_EAST YANGON_DAGON MYOTHIT(NORTH),city_YANGON_EAST YANGON,Dagon Myothit(North),DAGON MYOTHIT(NORTH)
township_EAST YANGON_TAMWAY,city_YANGON_EAST YANGON,Tamway,TAMWAY
township_EAST YANGON_BOTAHTAUNG,city_YANGON_EAST YANGON,Botahtaung,BOTAHTAUNG
township_EAST YANGON_NORTH OKKALAPA,city_YANGON_EAST YANGON,North Okkalapa,NORTH OKKALAPA
township_EAST YANGON_THINGANGYUN,city_YANGON_EAST YANGON,Thingangyun,THINGANGYUN
township_EAST YANGON_SOUTH OKKALAPA,city_YANGON_EAST YANGON,South Okkalapa,SOUTH OKKALAPA
township_EAST YANGON_MINGALA TAUNGNYUNT,city_YANGON_EAST YANGON,Mingala Taungnyunt,MINGALA TAUNGNYUNT
township_EAST YANGON_THAKAYTA,city_YANGON_EAST YANGON,Thakayta,THAKAYTA
township_EAST YANGON_DAWBON,city_YANGON_EAST YANGON,Dawbon,DAWBON
township_DAWEI_YEBYU,city_TANINTHARYI_DAWEI,Yebyu,YEBYU
township_DAWEI_KALEINAUNG(SUB-TSP),city_TANINTHARYI_DAWEI,Kaleinaung(Sub-Tsp),KALEINAUNG(SUB-TSP)
township_DAWEI_LOUNGLON,city_TANINTHARYI_DAWEI,Lounglon,LOUNGLON
township_DAWEI_MYITTA(SUB-TSP),city_TANINTHARYI_DAWEI,Myitta(Sub-Tsp),MYITTA(SUB-TSP)
township_DAWEI_THAYETCHAUNG,city_TANINTHARYI_DAWEI,Thayetchaung,THAYETCHAUNG
township_DAWEI_DAWEI,city_TANINTHARYI_DAWEI,Dawei,DAWEI
township_MAKMAN_NAPHANG,city_SHAN_MAKMAN,Naphang,NAPHANG
township_MAKMAN_MANKAN(SUB-TSP),city_SHAN_MAKMAN,ManKan(Sub-Tsp),MANKAN(SUB-TSP)
township_MAKMAN_MAKMAN,city_SHAN_MAKMAN,Makman,MAKMAN
township_MAKMAN_PAN SAN (PAN KHAM),city_SHAN_MAKMAN,Pan San (Pan Kham),PAN SAN (PAN KHAM)
township_TOUNGOO_YAEDASHE,city_BAGO_TOUNGOO,Yaedashe,YAEDASHE
township_TOUNGOO_KYAUKKYI,city_BAGO_TOUNGOO,Kyaukkyi,KYAUKKYI
township_TOUNGOO_PYU,city_BAGO_TOUNGOO,Pyu,PYU
township_TOUNGOO_TOUNGOO,city_BAGO_TOUNGOO,Toungoo,TOUNGOO
township_TOUNGOO_OATWIN,city_BAGO_TOUNGOO,Oatwin,OATWIN
township_TOUNGOO_HTANTAPIN,city_BAGO_TOUNGOO,Htantapin,HTANTAPIN
township_MAWLAIK_MAWLAIK,city_SAGAING_MAWLAIK,Mawlaik,MAWLAIK
township_MAWLAIK_PHAUNGPYIN,city_SAGAING_MAWLAIK,Phaungpyin,PHAUNGPYIN
township_LOILEN_MONGKAI,city_SHAN_LOILEN,Mongkai,MONGKAI
township_LOILEN_NANHSAM (SOUTH),city_SHAN_LOILEN,Nanhsam (South),NANHSAM (SOUTH)
township_LOILEN_KHOLAN(SUB-TSP),city_SHAN_LOILEN,Kholan(Sub-Tsp),KHOLAN(SUB-TSP)
township_LOILEN_LE'CHAR,city_SHAN_LOILEN,Le'char,LE'CHAR
township_LOILEN_MINESHU,city_SHAN_LOILEN,Mineshu,MINESHU
township_LOILEN_KEHSI,city_SHAN_LOILEN,Kehsi,KEHSI
township_LOILEN_KUNHING,city_SHAN_LOILEN,Kunhing,KUNHING
township_LOILEN_MINESAN (MONSAN)(SUB-TSP),city_SHAN_LOILEN,Minesan (Monsan)(Sub-Tsp),MINESAN (MONSAN)(SUB-TSP)
township_LOILEN_PANGLONG(SUB-TSP),city_SHAN_LOILEN,Panglong(Sub-Tsp),PANGLONG(SUB-TSP)
township_LOILEN_KARLI(SUB-TSP),city_SHAN_LOILEN,Karli(Sub-Tsp),KARLI(SUB-TSP)
township_LOILEN_MINENAUNG(SUB-TSP),city_SHAN_LOILEN,Minenaung(Sub-Tsp),MINENAUNG(SUB-TSP)
township_LOILEN_LOILIN,city_SHAN_LOILEN,Loilin,LOILIN
township_HAKHA_HAKHA,city_CHIN_HAKHA,Hakha,HAKHA
township_HAKHA_THANTLANG,city_CHIN_HAKHA,Thantlang,THANTLANG
township_MAUBIN_AHMAR(SUB-TSP),city_AYEYAWADY_MAUBIN,Ahmar(Sub-Tsp),AHMAR(SUB-TSP)
township_MAUBIN_NYAUNGDON,city_AYEYAWADY_MAUBIN,Nyaungdon,NYAUNGDON
township_MAUBIN_PANTANAW,city_AYEYAWADY_MAUBIN,Pantanaw,PANTANAW
township_MAUBIN_DANUBYU,city_AYEYAWADY_MAUBIN,Danubyu,DANUBYU
township_MAUBIN_MAUBIN,city_AYEYAWADY_MAUBIN,Maubin,MAUBIN
township_YINMARPIN_YINMARPIN,city_SAGAING_YINMARPIN,Yinmarpin,YINMARPIN
township_YINMARPIN_KANI,city_SAGAING_YINMARPIN,Kani,KANI
township_YINMARPIN_SALINGYI,city_SAGAING_YINMARPIN,Salingyi,SALINGYI
township_YINMARPIN_PALAE,city_SAGAING_YINMARPIN,Palae,PALAE
township_MEIKTILA_MEIKTILA,city_MANDALAY_MEIKTILA,Meiktila,MEIKTILA
township_MEIKTILA_MAHLAING,city_MANDALAY_MEIKTILA,Mahlaing,MAHLAING
township_MEIKTILA_WUNDWIN,city_MANDALAY_MEIKTILA,Wundwin,WUNDWIN
township_MEIKTILA_THAZI,city_MANDALAY_MEIKTILA,Thazi,THAZI
township_MAUNGTAW_BUTHIDAUNG,city_RAKHINE_MAUNGTAW,Buthidaung,BUTHIDAUNG
township_MAUNGTAW_MAUNGTAW,city_RAKHINE_MAUNGTAW,Maungtaw,MAUNGTAW
township_MAUNGTAW_TAUNGPYOLETWE(SUB-TSP),city_RAKHINE_MAUNGTAW,Taungpyoletwe(Sub-Tsp),TAUNGPYOLETWE(SUB-TSP)
township_MYITKYINA_INGYANYAN,city_KACHIN_MYITKYINA,Ingyanyan,INGYANYAN
township_MYITKYINA_HSOTLAW,city_KACHIN_MYITKYINA,Hsotlaw,HSOTLAW
township_MYITKYINA_KANPAIKTI(SUB-TSP),city_KACHIN_MYITKYINA,Kanpaikti(Sub-Tsp),KANPAIKTI(SUB-TSP)
township_MYITKYINA_PANWA(SUB-TSP),city_KACHIN_MYITKYINA,Panwa(Sub-Tsp),PANWA(SUB-TSP)
township_MYITKYINA_MYITKYINA,city_KACHIN_MYITKYINA,Myitkyina,MYITKYINA
township_MYITKYINA_TANAING,city_KACHIN_MYITKYINA,Tanaing,TANAING
township_MYITKYINA_HSADONE(SUB-TSP),city_KACHIN_MYITKYINA,Hsadone(Sub-Tsp),HSADONE(SUB-TSP)
township_MYITKYINA_SHINBWAYYAN(SUB-TSP),city_KACHIN_MYITKYINA,Shinbwayyan(Sub-Tsp),SHINBWAYYAN(SUB-TSP)
township_MYITKYINA_WAINGMAW,city_KACHIN_MYITKYINA,Waingmaw,WAINGMAW
township_MYITKYINA_HSINBO(SUB-TSP),city_KACHIN_MYITKYINA,Hsinbo(Sub-Tsp),HSINBO(SUB-TSP)
township_MYITKYINA_CHIPHWE,city_KACHIN_MYITKYINA,Chiphwe,CHIPHWE
township_WEST YANGON_PABEDAN,city_YANGON_WEST YANGON,Pabedan,PABEDAN
township_WEST YANGON_HLINE,city_YANGON_WEST YANGON,Hline,HLINE
township_WEST YANGON_AHLON,city_YANGON_WEST YANGON,Ahlon,AHLON
township_WEST YANGON_KYAUKTADA,city_YANGON_WEST YANGON,Kyauktada,KYAUKTADA
township_WEST YANGON_DAGON,city_YANGON_WEST YANGON,Dagon,DAGON
township_WEST YANGON_BAHAN,city_YANGON_WEST YANGON,Bahan,BAHAN
township_WEST YANGON_MAYANGON,city_YANGON_WEST YANGON,Mayangon,MAYANGON
township_WEST YANGON_SEIKKAN,city_YANGON_WEST YANGON,Seikkan,SEIKKAN
township_WEST YANGON_SANGYOUNG,city_YANGON_WEST YANGON,Sangyoung,SANGYOUNG
township_WEST YANGON_LATHA,city_YANGON_WEST YANGON,Latha,LATHA
township_WEST YANGON_KAMAYUT,city_YANGON_WEST YANGON,Kamayut,KAMAYUT
township_WEST YANGON_LANMADAW,city_YANGON_WEST YANGON,Lanmadaw,LANMADAW
township_WEST YANGON_KYIMYINDINE,city_YANGON_WEST YANGON,Kyimyindine,KYIMYINDINE
township_KYAUKME_MINENGAW(SUB-TSP),city_SHAN_KYAUKME,Minengaw(Sub-Tsp),MINENGAW(SUB-TSP)
township_KYAUKME_MABANE,city_SHAN_KYAUKME,Mabane,MABANE
township_KYAUKME_NAMSAN (NORTH),city_SHAN_KYAUKME,Namsan (North),NAMSAN (NORTH)
township_KYAUKME_HSIPAW,city_SHAN_KYAUKME,Hsipaw,HSIPAW
township_KYAUKME_KYAUKME,city_SHAN_KYAUKME,Kyaukme,KYAUKME
township_KYAUKME_NAUNGKHIO,city_SHAN_KYAUKME,Naungkhio,NAUNGKHIO
township_KYAUKME_MINELON(SUB-TSP),city_SHAN_KYAUKME,Minelon(Sub-Tsp),MINELON(SUB-TSP)
township_KYAUKME_NAMTU,city_SHAN_KYAUKME,Namtu,NAMTU
township_KYAUKME_MANTON,city_SHAN_KYAUKME,Manton,MANTON
township_KYAUKME_MOMEIK,city_SHAN_KYAUKME,Momeik,MOMEIK
township_OTTARA (NORTH)_ZEYARTHIRI,city_NAYPYITAW_OTTARA (NORTH),Zeyarthiri,ZEYARTHIRI
township_OTTARA (NORTH)_TATKON,city_NAYPYITAW_OTTARA (NORTH),Tatkon,TATKON
township_OTTARA (NORTH)_POBBATHIRI,city_NAYPYITAW_OTTARA (NORTH),Pobbathiri,POBBATHIRI
township_OTTARA (NORTH)_OTTARATHIRI,city_NAYPYITAW_OTTARA (NORTH),Ottarathiri,OTTARATHIRI
township_NYAUNG U_NGATHAYAUK(SUB-TSP),city_MANDALAY_NYAUNG U,Ngathayauk(Sub-Tsp),NGATHAYAUK(SUB-TSP)
township_NYAUNG U_NYAUNG U,city_MANDALAY_NYAUNG U,Nyaung U,NYAUNG U
township_MUSE_NAMKHAM,city_SHAN_MUSE,Namkham,NAMKHAM
township_MUSE_TAMOENYE(SUB-TSP),city_SHAN_MUSE,Tamoenye(Sub-Tsp),TAMOENYE(SUB-TSP)
township_MUSE_MONEKOE(SUB-TSP),city_SHAN_MUSE,Monekoe(Sub-Tsp),MONEKOE(SUB-TSP)
township_MUSE_PANSAI (KYU KOK)(SUB-TSP),city_SHAN_MUSE,Pansai (Kyu Kok)(Sub-Tsp),PANSAI (KYU KOK)(SUB-TSP)
township_MUSE_MANHERO (MANHYO)(SUB-TSP),city_SHAN_MUSE,Manhero (Manhyo)(Sub-Tsp),MANHERO (MANHYO)(SUB-TSP)
township_MUSE_MUSE,city_SHAN_MUSE,Muse,MUSE
township_MUSE_KUKAI,city_SHAN_MUSE,Kukai,KUKAI
township_BAGO_BAGO,city_BAGO_BAGO,Bago,BAGO
township_BAGO_NYAUNGLEBIN,city_BAGO_BAGO,Nyaunglebin,NYAUNGLEBIN
township_BAGO_TANATPIN,city_BAGO_BAGO,Tanatpin,TANATPIN
township_BAGO_WAW,city_BAGO_BAGO,Waw,WAW
township_BAGO_DAIK U,city_BAGO_BAGO,Daik U,DAIK U
township_BAGO_KYAUKTAGA,city_BAGO_BAGO,Kyauktaga,KYAUKTAGA
township_BAGO_SHWEGYIN,city_BAGO_BAGO,Shwegyin,SHWEGYIN
township_BAGO_KAWA,city_BAGO_BAGO,Kawa,KAWA
township_SAGAING_MYINMU,city_SAGAING_SAGAING,Myinmu,MYINMU
township_SAGAING_SAGAING,city_SAGAING_SAGAING,Sagaing,SAGAING
township_SAGAING_MYAUNG,city_SAGAING_SAGAING,Myaung,MYAUNG
township_HPA-AN_HPA-AN,city_KAYIN_HPA-AN,Hpa-an,HPA-AN
township_HPA-AN_SHAN YWATHIT(SUB-TSP),city_KAYIN_HPA-AN,Shan Ywathit(Sub-Tsp),SHAN YWATHIT(SUB-TSP)
township_HPA-AN_HLAINGBWE,city_KAYIN_HPA-AN,Hlaingbwe,HLAINGBWE
township_HPA-AN_PAINGKYON(SUB-TSP),city_KAYIN_HPA-AN,Paingkyon(Sub-Tsp),PAINGKYON(SUB-TSP)
township_HPA-AN_THANDAUNGGYI,city_KAYIN_HPA-AN,Thandaunggyi,THANDAUNGGYI
township_HPA-AN_BAWGALI(SUB-TSP),city_KAYIN_HPA-AN,Bawgali(Sub-Tsp),BAWGALI(SUB-TSP)
township_HPA-AN_LEIKTHO(SUB-TSP),city_KAYIN_HPA-AN,Leiktho(Sub-Tsp),LEIKTHO(SUB-TSP)
township_MAGWAY_CHAUK,city_MAGWAY_MAGWAY,Chauk,CHAUK
township_MAGWAY_MAGWAY,city_MAGWAY_MAGWAY,Magway,MAGWAY
township_MAGWAY_NATMAUK,city_MAGWAY_MAGWAY,Natmauk,NATMAUK
township_MAGWAY_YENANGYOUNG,city_MAGWAY_MAGWAY,Yenangyoung,YENANGYOUNG
township_MAGWAY_MYOTHIT,city_MAGWAY_MAGWAY,Myothit,MYOTHIT
township_MAGWAY_TAUNGDWINGYI,city_MAGWAY_MAGWAY,Taungdwingyi,TAUNGDWINGYI
township_LABUTTA_LABUTTA,city_AYEYAWADY_LABUTTA,Labutta,LABUTTA
township_LABUTTA_MAWLAMYINEGYUN,city_AYEYAWADY_LABUTTA,Mawlamyinegyun,MAWLAMYINEGYUN
township_LABUTTA_PYINSALU(SUB-TSP),city_AYEYAWADY_LABUTTA,Pyinsalu(Sub-Tsp),PYINSALU(SUB-TSP)
township_SOUTH YANGON_TWANTAY,city_YANGON_SOUTH YANGON,Twantay,TWANTAY
township_SOUTH YANGON_DALA,city_YANGON_SOUTH YANGON,Dala,DALA
township_SOUTH YANGON_TADA(SUB-TSP),city_YANGON_SOUTH YANGON,Tada(Sub-Tsp),TADA(SUB-TSP)
township_SOUTH YANGON_THONGWA,city_YANGON_SOUTH YANGON,Thongwa,THONGWA
township_SOUTH YANGON_KAWHMU,city_YANGON_SOUTH YANGON,Kawhmu,KAWHMU
township_SOUTH YANGON_THANLYIN,city_YANGON_SOUTH YANGON,Thanlyin,THANLYIN
township_SOUTH YANGON_KYAUKTAN,city_YANGON_SOUTH YANGON,Kyauktan,KYAUKTAN
township_SOUTH YANGON_KHAYAN,city_YANGON_SOUTH YANGON,Khayan,KHAYAN
township_SOUTH YANGON_COCOGYUN,city_YANGON_SOUTH YANGON,Cocogyun,COCOGYUN
township_SOUTH YANGON_KUNGYANGON,city_YANGON_SOUTH YANGON,Kungyangon,KUNGYANGON
township_SOUTH YANGON_SEIKKYI KHANAUNGTO,city_YANGON_SOUTH YANGON,Seikkyi Khanaungto,SEIKKYI KHANAUNGTO
township_KAWTHOUNG_BOKEPYIN,city_TANINTHARYI_KAWTHOUNG,Bokepyin,BOKEPYIN
township_KAWTHOUNG_KARATHURI(SUB-TSP),city_TANINTHARYI_KAWTHOUNG,Karathuri(Sub-Tsp),KARATHURI(SUB-TSP)
township_KAWTHOUNG_PYIGYIMANDAING(SUB-TSP),city_TANINTHARYI_KAWTHOUNG,Pyigyimandaing(Sub-Tsp),PYIGYIMANDAING(SUB-TSP)
township_KAWTHOUNG_KHAMAUKKYI(SUB-TSP),city_TANINTHARYI_KAWTHOUNG,Khamaukkyi(Sub-Tsp),KHAMAUKKYI(SUB-TSP)
township_KAWTHOUNG_KAWTHOUNG,city_TANINTHARYI_KAWTHOUNG,Kawthoung,KAWTHOUNG
township_LAUKINE_LAUKINE,city_SHAN_LAUKINE,Laukine,LAUKINE
township_LAUKINE_CHINSHWEHAW(SUB-TSP),city_SHAN_LAUKINE,Chinshwehaw(Sub-Tsp),CHINSHWEHAW(SUB-TSP)
township_LAUKINE_MAWHTIKE(SUB-TSP),city_SHAN_LAUKINE,Mawhtike(Sub-Tsp),MAWHTIKE(SUB-TSP)
township_LAUKINE_KONGYAN,city_SHAN_LAUKINE,Kongyan,KONGYAN
township_THAYET_MINDON,city_MAGWAY_THAYET,Mindon,MINDON
township_THAYET_SINPAUNGWE',city_MAGWAY_THAYET,Sinpaungwe',SINPAUNGWE'
township_THAYET_THAYET,city_MAGWAY_THAYET,Thayet,THAYET
township_THAYET_KAMMA,city_MAGWAY_THAYET,Kamma,KAMMA
township_THAYET_AUNGLAN,city_MAGWAY_THAYET,Aunglan,AUNGLAN
township_THAYET_MINHLA,city_MAGWAY_THAYET,Minhla,MINHLA
township_GANGAW_GANGAW,city_MAGWAY_GANGAW,Gangaw,GANGAW
township_GANGAW_HTILIN,city_MAGWAY_GANGAW,Htilin,HTILIN
township_GANGAW_SAW,city_MAGWAY_GANGAW,Saw,SAW
township_GANGAW_KYAUKHTU(SUB-TSP),city_MAGWAY_GANGAW,Kyaukhtu(Sub-Tsp),KYAUKHTU(SUB-TSP)
township_MYAUNGMYA_WAKEMA,city_AYEYAWADY_MYAUNGMYA,Wakema,WAKEMA
township_MYAUNGMYA_EINME,city_AYEYAWADY_MYAUNGMYA,Einme,EINME
township_MYAUNGMYA_MYAUNGMYA,city_AYEYAWADY_MYAUNGMYA,Myaungmya,MYAUNGMYA
township_PATHEIN_PATHEIN,city_AYEYAWADY_PATHEIN,Pathein,PATHEIN
township_PATHEIN_HAINGGYIKYUN(SUB-TSP),city_AYEYAWADY_PATHEIN,Hainggyikyun(Sub-Tsp),HAINGGYIKYUN(SUB-TSP)
township_PATHEIN_SHWETHAUNGYAN(SUB-TSP),city_AYEYAWADY_PATHEIN,Shwethaungyan(Sub-Tsp),SHWETHAUNGYAN(SUB-TSP)
township_PATHEIN_KYONPYAW,city_AYEYAWADY_PATHEIN,Kyonpyaw,KYONPYAW
township_PATHEIN_KYAUNGON,city_AYEYAWADY_PATHEIN,Kyaungon,KYAUNGON
township_PATHEIN_YEKYI,city_AYEYAWADY_PATHEIN,Yekyi,YEKYI
township_PATHEIN_NGWEHSAUNG(SUB-TSP),city_AYEYAWADY_PATHEIN,Ngwehsaung(Sub-Tsp),NGWEHSAUNG(SUB-TSP)
township_PATHEIN_NGATHAINGCHAUNG(SUB-TSP),city_AYEYAWADY_PATHEIN,Ngathaingchaung(Sub-Tsp),NGATHAINGCHAUNG(SUB-TSP)
township_PATHEIN_KANGYIDAUNT,city_AYEYAWADY_PATHEIN,Kangyidaunt,KANGYIDAUNT
township_PATHEIN_NGAPUTAW,city_AYEYAWADY_PATHEIN,Ngaputaw,NGAPUTAW
township_PATHEIN_NGAYOKAUNG(SUB-TSP),city_AYEYAWADY_PATHEIN,Ngayokaung(Sub-Tsp),NGAYOKAUNG(SUB-TSP)
township_PATHEIN_THAPAUNG,city_AYEYAWADY_PATHEIN,Thapaung,THAPAUNG
township_MANDALAY_CHANMYATHARZI,city_MANDALAY_MANDALAY,Chanmyatharzi,CHANMYATHARZI
township_MANDALAY_CHANAYETHARZAN,city_MANDALAY_MANDALAY,Chanayetharzan,CHANAYETHARZAN
township_MANDALAY_MAHAAUNGMYE,city_MANDALAY_MANDALAY,Mahaaungmye,MAHAAUNGMYE
township_MANDALAY_PATHEINGYI,city_MANDALAY_MANDALAY,Patheingyi,PATHEINGYI
township_MANDALAY_AMARAPURA,city_MANDALAY_MANDALAY,Amarapura,AMARAPURA
township_MANDALAY_PYIGYIDAGUN,city_MANDALAY_MANDALAY,Pyigyidagun,PYIGYIDAGUN
township_MANDALAY_AUNGMYETHARZAN,city_MANDALAY_MANDALAY,Aungmyetharzan,AUNGMYETHARZAN
township_KYAUKPYU_MANNAUNG,city_RAKHINE_KYAUKPYU,Mannaung,MANNAUNG
township_KYAUKPYU_AN,city_RAKHINE_KYAUKPYU,An,AN
township_KYAUKPYU_KYAUKPYU,city_RAKHINE_KYAUKPYU,Kyaukpyu,KYAUKPYU
township_KYAUKPYU_YANBYE,city_RAKHINE_KYAUKPYU,Yanbye,YANBYE
township_MYAWADY_MYAWADY,city_KAYIN_MYAWADY,Myawady,MYAWADY
township_MYAWADY_WAWLAYMYAING(SUB-TSP),city_KAYIN_MYAWADY,Wawlaymyaing(Sub-Tsp),WAWLAYMYAING(SUB-TSP)
township_MYAWADY_SUGALI(SUB-TSP),city_KAYIN_MYAWADY,Sugali(Sub-Tsp),SUGALI(SUB-TSP)
township_FALAM_TONZAUNG,city_CHIN_FALAM,Tonzaung,TONZAUNG
township_FALAM_RIHKHUADAL(SUB-TSP),city_CHIN_FALAM,Rihkhuadal(Sub-Tsp),RIHKHUADAL(SUB-TSP)
township_FALAM_FALAM,city_CHIN_FALAM,Falam,FALAM
township_FALAM_CIKHA(SUB-TSP),city_CHIN_FALAM,Cikha(Sub-Tsp),CIKHA(SUB-TSP)
township_FALAM_TEDIM,city_CHIN_FALAM,Tedim,TEDIM
township_KAWKAREIK_PAYARTHONEZU(SUB-TSP),city_KAYIN_KAWKAREIK,Payarthonezu(Sub-Tsp),PAYARTHONEZU(SUB-TSP)
township_KAWKAREIK_KYAIDON(SUB-TSP),city_KAYIN_KAWKAREIK,Kyaidon(Sub-Tsp),KYAIDON(SUB-TSP)
township_KAWKAREIK_KYARINSEIKKYI,city_KAYIN_KAWKAREIK,Kyarinseikkyi,KYARINSEIKKYI
township_KAWKAREIK_KAWKAREIK,city_KAYIN_KAWKAREIK,Kawkareik,KAWKAREIK
township_LINKHE'_HOMANE(SUB-TSP),city_SHAN_LINKHE',Homane(Sub-Tsp),HOMANE(SUB-TSP)
township_LINKHE'_MINEPAN,city_SHAN_LINKHE',Minepan,MINEPAN
township_LINKHE'_LINKHE',city_SHAN_LINKHE',Linkhe',LINKHE'
township_LINKHE'_KENGTAUNG(SUB-TSP),city_SHAN_LINKHE',Kengtaung(Sub-Tsp),KENGTAUNG(SUB-TSP)
township_LINKHE'_MAUKME',city_SHAN_LINKHE',Maukme',MAUKME'
township_LINKHE'_MONE',city_SHAN_LINKHE',Mone',MONE'
township_THANDWE_KYEINTALI(SUB-TSP),city_RAKHINE_THANDWE,Kyeintali(Sub-Tsp),KYEINTALI(SUB-TSP)
township_THANDWE_GWA,city_RAKHINE_THANDWE,Gwa,GWA
township_THANDWE_MAEI(SUB-TSP),city_RAKHINE_THANDWE,Maei(Sub-Tsp),MAEI(SUB-TSP)
township_THANDWE_THANDWE,city_RAKHINE_THANDWE,Thandwe,THANDWE
township_THANDWE_TAUNGUP,city_RAKHINE_THANDWE,Taungup,TAUNGUP
township_HKAMTI_HOMALIN,city_SAGAING_HKAMTI,Homalin,HOMALIN
township_HKAMTI_DONHEE(SUB-TSP),city_SAGAING_HKAMTI,Donhee(Sub-Tsp),DONHEE(SUB-TSP)
township_HKAMTI_LAHE,city_SAGAING_HKAMTI,Lahe,LAHE
township_HKAMTI_MOBAINGLUK(SUB-TSP),city_SAGAING_HKAMTI,Mobaingluk(Sub-Tsp),MOBAINGLUK(SUB-TSP)
township_HKAMTI_LESHI,city_SAGAING_HKAMTI,Leshi,LESHI
township_HKAMTI_HTANPARKWAY(SUB-TSP),city_SAGAING_HKAMTI,Htanparkway(Sub-Tsp),HTANPARKWAY(SUB-TSP)
township_HKAMTI_SONEMARA(SUB-TSP),city_SAGAING_HKAMTI,Sonemara(Sub-Tsp),SONEMARA(SUB-TSP)
township_HKAMTI_PANSAUNG(SUB-TSP),city_SAGAING_HKAMTI,Pansaung(Sub-Tsp),PANSAUNG(SUB-TSP)
township_HKAMTI_NANYUN,city_SAGAING_HKAMTI,Nanyun,NANYUN
township_HKAMTI_HKAMTI,city_SAGAING_HKAMTI,Hkamti,HKAMTI
township_PUTAO_KHAUNGLANPHOO,city_KACHIN_PUTAO,Khaunglanphoo,KHAUNGLANPHOO
township_PUTAO_PUTAO,city_KACHIN_PUTAO,Putao,PUTAO
township_PUTAO_MACHANBAW,city_KACHIN_PUTAO,Machanbaw,MACHANBAW
township_PUTAO_PANNANDIN(SUB-TSP),city_KACHIN_PUTAO,Pannandin(Sub-Tsp),PANNANDIN(SUB-TSP)
township_PUTAO_NAUNGMOON,city_KACHIN_PUTAO,Naungmoon,NAUNGMOON
township_PUTAO_SUMPRABUM,city_KACHIN_PUTAO,Sumprabum,SUMPRABUM
township_KUNLON_KUNLON,city_SHAN_KUNLON,Kunlon,KUNLON
township_MINBU_PWINT PHYU,city_MAGWAY_MINBU,Pwint Phyu,PWINT PHYU
township_MINBU_SALIN,city_MAGWAY_MINBU,Salin,SALIN
township_MINBU_NGAPE,city_MAGWAY_MINBU,Ngape,NGAPE
township_MINBU_SAYTOTTARA,city_MAGWAY_MINBU,Saytottara,SAYTOTTARA
township_MINBU_MINBU,city_MAGWAY_MINBU,Minbu,MINBU
township_PHYAPON_KYAIKLATT,city_AYEYAWADY_PHYAPON,Kyaiklatt,KYAIKLATT
township_PHYAPON_DAYDAYE,city_AYEYAWADY_PHYAPON,Daydaye,DAYDAYE
township_PHYAPON_PHYAPON,city_AYEYAWADY_PHYAPON,Phyapon,PHYAPON
township_PHYAPON_BOGALE,city_AYEYAWADY_PHYAPON,Bogale,BOGALE
township_PHARPON_KAMAMAUNG(SUB-TSP),city_KAYIN_PHARPON,Kamamaung(Sub-Tsp),KAMAMAUNG(SUB-TSP)
township_PHARPON_PHARPON,city_KAYIN_PHARPON,Pharpon,PHARPON
township_SHWEBO_KAMBALU,city_SAGAING_SHWEBO,Kambalu,KAMBALU
township_SHWEBO_DEPAYIN,city_SAGAING_SHWEBO,Depayin,DEPAYIN
township_SHWEBO_KYUNHLA,city_SAGAING_SHWEBO,Kyunhla,KYUNHLA
township_SHWEBO_WETLET,city_SAGAING_SHWEBO,Wetlet,WETLET
township_SHWEBO_TASEI,city_SAGAING_SHWEBO,Tasei,TASEI
township_SHWEBO_YE U,city_SAGAING_SHWEBO,Ye U,YE U
township_SHWEBO_KYAUKMYAUNG(SUB-TSP),city_SAGAING_SHWEBO,Kyaukmyaung(Sub-Tsp),KYAUKMYAUNG(SUB-TSP)
township_SHWEBO_KHIN U,city_SAGAING_SHWEBO,Khin U,KHIN U
township_SHWEBO_SHWEBO,city_SAGAING_SHWEBO,Shwebo,SHWEBO
township_PYAY_PAUKKHAUNG,city_BAGO_PYAY,Paukkhaung,PAUKKHAUNG
township_PYAY_THEGON,city_BAGO_PYAY,Thegon,THEGON
township_PYAY_SHWEDAUNG,city_BAGO_PYAY,Shwedaung,SHWEDAUNG
township_PYAY_PADAUNG,city_BAGO_PYAY,Padaung,PADAUNG
township_PYAY_PYAY,city_BAGO_PYAY,Pyay,PYAY
township_PYAY_PAUNDE,city_BAGO_PYAY,Paunde,PAUNDE
township_THATON_BILIN,city_MON_THATON,Bilin,BILIN
township_THATON_PAUNG,city_MON_THATON,Paung,PAUNG
township_THATON_THATON,city_MON_THATON,Thaton,THATON
township_THATON_KYAIKTO,city_MON_THATON,Kyaikto,KYAIKTO
township_DEKKHINA (SOUTH)_DEKKHINATHIRI,city_NAYPYITAW_DEKKHINA (SOUTH),Dekkhinathiri,DEKKHINATHIRI
township_DEKKHINA (SOUTH)_LEWE,city_NAYPYITAW_DEKKHINA (SOUTH),Lewe,LEWE
township_DEKKHINA (SOUTH)_ZABUTHIRI,city_NAYPYITAW_DEKKHINA (SOUTH),Zabuthiri,ZABUTHIRI
township_DEKKHINA (SOUTH)_PYINMANA,city_NAYPYITAW_DEKKHINA (SOUTH),Pyinmana,PYINMANA
township_YAME'THIN_PYAWBWE,city_MANDALAY_YAME'THIN,Pyawbwe,PYAWBWE
township_YAME'THIN_YAME'THIN,city_MANDALAY_YAME'THIN,Yame'thin,YAME'THIN
township_MONYWA_MONYWA,city_SAGAING_MONYWA,Monywa,MONYWA
township_MONYWA_CHAUNG OO,city_SAGAING_MONYWA,Chaung Oo,CHAUNG OO
township_MONYWA_BUTALIN,city_SAGAING_MONYWA,Butalin,BUTALIN
township_MONYWA_AYARTAW,city_SAGAING_MONYWA,Ayartaw,AYARTAW
township_TAUNGGYI_KALAW,city_SHAN_TAUNGGYI,Kalaw,KALAW
township_TAUNGGYI_TAUNGGYI,city_SHAN_TAUNGGYI,Taunggyi,TAUNGGYI
township_TAUNGGYI_PINDAYA,city_SHAN_TAUNGGYI,Pindaya,PINDAYA
township_TAUNGGYI_INDAW(SUB-TSP),city_SHAN_TAUNGGYI,Indaw(Sub-Tsp),INDAW(SUB-TSP)
township_TAUNGGYI_PINLAUNG,city_SHAN_TAUNGGYI,Pinlaung,PINLAUNG
township_TAUNGGYI_HOPON,city_SHAN_TAUNGGYI,Hopon,HOPON
township_TAUNGGYI_NAUNGTAYAR(SUB-TSP),city_SHAN_TAUNGGYI,Naungtayar(Sub-Tsp),NAUNGTAYAR(SUB-TSP)
township_TAUNGGYI_PHEKON,city_SHAN_TAUNGGYI,Phekon,PHEKON
township_TAUNGGYI_KYAUKTALONGYI(SUB-TSP),city_SHAN_TAUNGGYI,Kyauktalongyi(Sub-Tsp),KYAUKTALONGYI(SUB-TSP)
township_TAUNGGYI_NYAUNGSHWE,city_SHAN_TAUNGGYI,Nyaungshwe,NYAUNGSHWE
township_TAUNGGYI_YWARNGAN,city_SHAN_TAUNGGYI,Ywarngan,YWARNGAN
township_TAUNGGYI_HSIHSENG,city_SHAN_TAUNGGYI,Hsihseng,HSIHSENG
township_TAUNGGYI_YATSAUK,city_SHAN_TAUNGGYI,Yatsauk,YATSAUK
township_HOPAN_MINEMAW,city_SHAN_HOPAN,Minemaw,MINEMAW
township_HOPAN_PANLON(SUB-TSP),city_SHAN_HOPAN,Panlon(Sub-Tsp),PANLON(SUB-TSP)
township_HOPAN_HOPAN,city_SHAN_HOPAN,Hopan,HOPAN
township_HOPAN_PANWINE,city_SHAN_HOPAN,Panwine,PANWINE
township_TAMU_KHAMPAT(SUB-TSP),city_SAGAING_TAMU,Khampat(Sub-Tsp),KHAMPAT(SUB-TSP)
township_TAMU_MYOTHIT(SUB-TSP),city_SAGAING_TAMU,Myothit(Sub-Tsp),MYOTHIT(SUB-TSP)
township_TAMU_TAMU,city_SAGAING_TAMU,Tamu,TAMU
township_BAWLAKHE_YWATHIT(SUB-TSP),city_KAYAH_BAWLAKHE,Ywathit(Sub-Tsp),YWATHIT(SUB-TSP)
township_BAWLAKHE_PARSAUNG,city_KAYAH_BAWLAKHE,Parsaung,PARSAUNG
township_BAWLAKHE_MEISI,city_KAYAH_BAWLAKHE,Meisi,MEISI
township_BAWLAKHE_BAWLAKHE,city_KAYAH_BAWLAKHE,Bawlakhe,BAWLAKHE
township_THAYAWADY_ZIGON,city_BAGO_THAYAWADY,Zigon,ZIGON
township_THAYAWADY_MONYO,city_BAGO_THAYAWADY,Monyo,MONYO
township_THAYAWADY_NATTALIN,city_BAGO_THAYAWADY,Nattalin,NATTALIN
township_THAYAWADY_OKPO,city_BAGO_THAYAWADY,Okpo,OKPO
township_THAYAWADY_GYOBINGAUK,city_BAGO_THAYAWADY,Gyobingauk,GYOBINGAUK
township_THAYAWADY_THAYAWADY,city_BAGO_THAYAWADY,Thayawady,THAYAWADY
township_THAYAWADY_LETPADAN,city_BAGO_THAYAWADY,Letpadan,LETPADAN
township_LASHIO_MINEYE',city_SHAN_LASHIO,Mineye',MINEYE'
township_LASHIO_LASHIO,city_SHAN_LASHIO,Lashio,LASHIO
township_LASHIO_THEINNI,city_SHAN_LASHIO,Theinni,THEINNI
township_LASHIO_TANTYAN,city_SHAN_LASHIO,Tantyan,TANTYAN
township_MYEIK_PALAW,city_TANINTHARYI_MYEIK,Palaw,PALAW
township_MYEIK_MYEIK,city_TANINTHARYI_MYEIK,Myeik,MYEIK
township_MYEIK_PALAUK(SUB-TSP),city_TANINTHARYI_MYEIK,Palauk(Sub-Tsp),PALAUK(SUB-TSP)
township_MYEIK_KYUNSU,city_TANINTHARYI_MYEIK,Kyunsu,KYUNSU
township_MYEIK_TANINTHARYI,city_TANINTHARYI_MYEIK,Tanintharyi,TANINTHARYI
